Gene,logFC,p-value,Group
COL6A1,2.028954,0.00000e+00,F1: Superficial
APCDD1,3.7028298,0.00000e+00,F1: Superficial
COL18A1,3.613811,0.00000e+00,F1: Superficial
COL6A2,1.2061229,0.00000e+00,F1: Superficial
SFRP2,2.1225624,0.00000e+00,F1: Superficial
F13A1,3.2275982,0.00000e+00,F1: Superficial
CD9,1.4832735,0.00000e+00,F1: Superficial
WIF1,3.1227763,0.00000e+00,F1: Superficial
LEPR,2.6276667,0.00000e+00,F1: Superficial
COL3A1,1.6713915,0.00000e+00,F1: Superficial
NCKAP5,2.6882675,0.00000e+00,F1: Superficial
COMP,3.2188938,0.00000e+00,F1: Superficial
COL23A1,4.017613,0.00000e+00,F1: Superficial
IGFBP4,1.652801,0.00000e+00,F1: Superficial
MAMDC2,2.1375833,0.00000e+00,F1: Superficial
CLEC2A,4.3528147,0.00000e+00,F1: Superficial
NKD2,3.8156025,0.00000e+00,F1: Superficial
TWIST2,1.3576341,0.00000e+00,F1: Superficial
NBL1,1.3843836,0.00000e+00,F1: Superficial
TMTC2,2.207969,0.00000e+00,F1: Superficial
TCF4,1.3994658,0.00000e+00,F1: Superficial
GREM2,2.4612331,0.00000e+00,F1: Superficial
HSPB3,4.411438,0.00000e+00,F1: Superficial
DUSP1,1.2579638,0.00000e+00,F1: Superficial
C1orf198,1.9880133,0.00000e+00,F1: Superficial
COL1A1,1.3151307,0.00000e+00,F1: Superficial
TGFBI,2.3641925,0.00000e+00,F1: Superficial
COL5A1,1.5478323,0.00000e+00,F1: Superficial
CAV1,1.1047987,0.00000e+00,F1: Superficial
ANTXR1,1.4605635,0.00000e+00,F1: Superficial
SPARC,1.1155849,0.00000e+00,F1: Superficial
DKK3,1.9081341,0.00000e+00,F1: Superficial
PTGDS,2.054385,0.00000e+00,F1: Superficial
ID1,1.7187655,0.00000e+00,F1: Superficial
COL13A1,3.472152,0.00000e+00,F1: Superficial
AXIN2,2.5300653,0.00000e+00,F1: Superficial
LAMC3,1.7949047,0.00000e+00,F1: Superficial
SPON1,1.9402529,0.00000e+00,F1: Superficial
TNFRSF19,3.218595,0.00000e+00,F1: Superficial
PTK7,2.1809254,0.00000e+00,F1: Superficial
ROBO2,1.3872069,0.00000e+00,F1: Superficial
RSPO1,2.9386795,0.00000e+00,F1: Superficial
AQP1,1.2224329,0.00000e+00,F1: Superficial
MOXD1,2.5611103,0.00000e+00,F1: Superficial
COL14A1,1.3606474,0.00000e+00,F1: Superficial
PAM,1.0005938,0.00000e+00,F1: Superficial
MYO10,2.3089144,0.00000e+00,F1: Superficial
PHACTR3,4.595881,0.00000e+00,F1: Superficial
LSAMP,1.7322274,0.00000e+00,F1: Superficial
MEF2A,1.213276,0.00000e+00,F1: Superficial
CYP26B1,2.1429868,0.00000e+00,F1: Superficial
COL1A2,0.8834083,0.00000e+00,F1: Superficial
PLCB4,2.426451,0.00000e+00,F1: Superficial
SPRY1,1.1983483,0.00000e+00,F1: Superficial
NKD1,2.4069073,0.00000e+00,F1: Superficial
BGN,1.2098932,0.00000e+00,F1: Superficial
NPTX2,4.8313937,0.00000e+00,F1: Superficial
ARRDC3,1.3552003,0.00000e+00,F1: Superficial
AKAP6,2.8500195,0.00000e+00,F1: Superficial
SVIL,1.0635065,0.00000e+00,F1: Superficial
ZBTB20,0.98861694,0.00000e+00,F1: Superficial
SEMA6D,4.2302494,0.00000e+00,F1: Superficial
CLEC11A,1.287591,0.00000e+00,F1: Superficial
PREX2,1.7662374,0.00000e+00,F1: Superficial
ISM1,1.7860656,0.00000e+00,F1: Superficial
NTM,2.6606362,0.00000e+00,F1: Superficial
MT-CO1,0.6650337,0.00000e+00,F1: Superficial
GNG11,1.2078081,0.00000e+00,F1: Superficial
EFNA5,1.4719862,0.00000e+00,F1: Superficial
GAPDH,0.6630245,0.00000e+00,F1: Superficial
ZFP36L1,0.7704866,0.00000e+00,F1: Superficial
GRIK2,2.682892,0.00000e+00,F1: Superficial
COL6A5,4.0487022,0.00000e+00,F1: Superficial
FST,1.5365963,0.00000e+00,F1: Superficial
COL6A3,0.95874405,0.00000e+00,F1: Superficial
LINC01091,1.7214837,0.00000e+00,F1: Superficial
PHLDA1,1.4390583,0.00000e+00,F1: Superficial
LGALS1,0.52130294,0.00000e+00,F1: Superficial
STC2,4.2620335,0.00000e+00,F1: Superficial
ROR2,1.5112475,0.00000e+00,F1: Superficial
LINC00327,3.8322685,0.00000e+00,F1: Superficial
ITM2C,1.5191864,0.00000e+00,F1: Superficial
F10,1.1593957,0.00000e+00,F1: Superficial
RGS3,2.1392124,0.00000e+00,F1: Superficial
HMCN1,1.4842919,0.00000e+00,F1: Superficial
CCBE1,1.2819012,0.00000e+00,F1: Superficial
AC068587.4,1.2317728,0.00000e+00,F1: Superficial
DCHS2,4.247016,0.00000e+00,F1: Superficial
PAPPA,1.7312536,0.00000e+00,F1: Superficial
PTBP2,1.4550042,0.00000e+00,F1: Superficial
RAB31,1.5114827,0.00000e+00,F1: Superficial
AC079298.3,2.0121064,0.00000e+00,F1: Superficial
PSD3,1.1171944,0.00000e+00,F1: Superficial
OSBP2,3.2203383,0.00000e+00,F1: Superficial
NFATC2,1.5358809,0.00000e+00,F1: Superficial
ANPEP,1.3071092,0.00000e+00,F1: Superficial
COL21A1,1.9777274,0.00000e+00,F1: Superficial
RND3,0.9403119,0.00000e+00,F1: Superficial
ZNF608,1.8306848,0.00000e+00,F1: Superficial
AHRR,2.7456636,0.00000e+00,F1: Superficial
DCN,1.6106381,0.00000e+00,F2: Universal
CCN5,2.8638284,0.00000e+00,F2: Universal
CTHRC1,3.0100284,0.00000e+00,F2: Universal
FBLN1,2.1041753,0.00000e+00,F2: Universal
PI16,2.6601024,0.00000e+00,F2: Universal
SLPI,4.0258694,0.00000e+00,F2: Universal
GSN,1.6008888,0.00000e+00,F2: Universal
CFD,1.7638402,0.00000e+00,F2: Universal
IGFBP6,2.4021833,0.00000e+00,F2: Universal
MFAP5,2.5973125,0.00000e+00,F2: Universal
S100A6,1.0292933,0.00000e+00,F2: Universal
MMP2,1.7312342,0.00000e+00,F2: Universal
PCOLCE2,2.6928658,0.00000e+00,F2: Universal
CRYAB,1.9090284,0.00000e+00,F2: Universal
SCARA5,2.2684956,0.00000e+00,F2: Universal
GPX3,2.719557,0.00000e+00,F2: Universal
MGP,1.5587647,0.00000e+00,F2: Universal
S100A10,0.9882741,0.00000e+00,F2: Universal
ACTB,1.086161,0.00000e+00,F2: Universal
PLAC9,1.2348548,0.00000e+00,F2: Universal
TSPAN8,2.577873,0.00000e+00,F2: Universal
SH3BGRL3,1.4984418,0.00000e+00,F2: Universal
CLU,1.7094722,0.00000e+00,F2: Universal
FTH1,0.9335756,0.00000e+00,F2: Universal
SEMA3C,2.2591882,0.00000e+00,F2: Universal
TMSB4X,1.1194419,0.00000e+00,F2: Universal
MGST1,1.9565477,0.00000e+00,F2: Universal
CPE,1.6719332,0.00000e+00,F2: Universal
CD70,3.6898108,0.00000e+00,F2: Universal
CD99,1.0449524,0.00000e+00,F2: Universal
SOD3,1.135919,0.00000e+00,F2: Universal
CST3,0.96624833,0.00000e+00,F2: Universal
CTSK,1.2177515,0.00000e+00,F2: Universal
CYB5R3,1.2970082,0.00000e+00,F2: Universal
CYBRD1,1.2479725,0.00000e+00,F2: Universal
GPX4,1.0533689,0.00000e+00,F2: Universal
QPCT,1.8457034,0.00000e+00,F2: Universal
IGFBP5,1.4076688,0.00000e+00,F2: Universal
MTRNR2L8,1.4485601,0.00000e+00,F2: Universal
TMSB10,0.73923707,0.00000e+00,F2: Universal
S100A4,0.9683212,0.00000e+00,F2: Universal
CRIP1,1.1289053,0.00000e+00,F2: Universal
ADIRF,1.0244935,0.00000e+00,F2: Universal
ANXA2,0.8125742,0.00000e+00,F2: Universal
FBLN2,1.1918566,0.00000e+00,F2: Universal
LGALS3,0.91754675,0.00000e+00,F2: Universal
CD34,1.8732611,0.00000e+00,F2: Universal
TPM1,1.3567045,0.00000e+00,F2: Universal
NPC2,1.1575879,0.00000e+00,F2: Universal
ACTG1,0.88525635,0.00000e+00,F2: Universal
CD55,1.4383478,0.00000e+00,F2: Universal
FAM180B,2.1693728,0.00000e+00,F2: Universal
THBS2,1.2102741,0.00000e+00,F2: Universal
FTL,0.65843177,0.00000e+00,F2: Universal
CXCL14,1.1341965,0.00000e+00,F2: Universal
DPP4,2.1925902,0.00000e+00,F2: Universal
MFAP4,1.0630645,0.00000e+00,F2: Universal
TIMP3,1.0587039,0.00000e+00,F2: Universal
DBN1,2.0283859,0.00000e+00,F2: Universal
TIMP2,0.9908762,0.00000e+00,F2: Universal
GABARAP,0.89555854,0.00000e+00,F2: Universal
C1QTNF3,2.2708685,0.00000e+00,F2: Universal
PDGFRL,1.3740938,0.00000e+00,F2: Universal
SERPINF1,0.9334651,0.00000e+00,F2: Universal
CHRDL1,1.9458612,0.00000e+00,F2: Universal
POLR2L,0.9479291,0.00000e+00,F2: Universal
LGALS1,0.65154535,0.00000e+00,F2: Universal
MATN4,4.2829194,0.00000e+00,F2: Universal
LGR5,2.5844126,0.00000e+00,F2: Universal
FP700111.1,1.4863367,0.00000e+00,F2: Universal
RPL27A,0.7237508,0.00000e+00,F2: Universal
XG,1.2484443,0.00000e+00,F2: Universal
GALNT15,2.9082296,0.00000e+00,F2: Universal
PRG4,4.71854,0.00000e+00,F2: Universal
ELN,1.2264076,0.00000e+00,F2: Universal
GSTP1,0.82772136,0.00000e+00,F2: Universal
HPGD,1.9226574,0.00000e+00,F2: Universal
VAT1,1.369873,0.00000e+00,F2: Universal
GYPC,1.1830108,0.00000e+00,F2: Universal
KLF6,0.99374574,0.00000e+00,F2: Universal
ITGB1BP1,1.1105381,0.00000e+00,F2: Universal
CLTB,1.1233715,0.00000e+00,F2: Universal
SLC29A1,1.5007366,0.00000e+00,F2: Universal
NOVA1,1.0772443,0.00000e+00,F2: Universal
RPLP2,0.6038998,0.00000e+00,F2: Universal
MAP1B,0.97841865,0.00000e+00,F2: Universal
RPL13A,0.69739217,0.00000e+00,F2: Universal
CILP,1.9228475,0.00000e+00,F2: Universal
CD151,1.1821316,0.00000e+00,F2: Universal
CAPS,1.8403206,0.00000e+00,F2: Universal
CADM3,1.6101635,0.00000e+00,F2: Universal
LOX,1.1387013,0.00000e+00,F2: Universal
ANGPTL5,1.3559483,0.00000e+00,F2: Universal
TGFBR3,1.047601,0.00000e+00,F2: Universal
ANGPTL1,1.2187468,0.00000e+00,F2: Universal
ADM,1.2490009,0.00000e+00,F2: Universal
SEMA3E,2.882339,0.00000e+00,F2: Universal
RPS17,0.70093614,0.00000e+00,F2: Universal
DDAH2,0.90501255,0.00000e+00,F2: Universal
RPL37A,0.55500853,0.00000e+00,F2: Universal
APOE,3.3281872,0.00000e+00,F2/3: Perivascular
APOD,1.9495009,0.00000e+00,F2/3: Perivascular
CXCL12,1.7135028,0.00000e+00,F2/3: Perivascular
IGFBP7,1.4643209,0.00000e+00,F2/3: Perivascular
GSN,0.93616754,0.00000e+00,F2/3: Perivascular
CXCL2,2.097966,0.00000e+00,F2/3: Perivascular
CFD,0.8746497,0.00000e+00,F2/3: Perivascular
EFEMP1,1.6387869,0.00000e+00,F2/3: Perivascular
APOC1,3.4580748,0.00000e+00,F2/3: Perivascular
RARRES2,1.578725,0.00000e+00,F2/3: Perivascular
ITM2A,2.3238502,0.00000e+00,F2/3: Perivascular
RPLP0,0.8431701,0.00000e+00,F2/3: Perivascular
MGP,0.96425927,0.00000e+00,F2/3: Perivascular
GPC3,2.0542274,0.00000e+00,F2/3: Perivascular
CCL2,1.6634421,0.00000e+00,F2/3: Perivascular
RPS8,0.5327155,0.00000e+00,F2/3: Perivascular
RPS27A,0.5054674,0.00000e+00,F2/3: Perivascular
RPL13,0.4980249,0.00000e+00,F2/3: Perivascular
RPS2,0.653422,0.00000e+00,F2/3: Perivascular
ARID5B,1.0547991,0.00000e+00,F2/3: Perivascular
RPS18,0.53579944,0.00000e+00,F2/3: Perivascular
SOD2,1.0987084,0.00000e+00,F2/3: Perivascular
CYGB,2.3659518,0.00000e+00,F2/3: Perivascular
IGF1,2.2176874,0.00000e+00,F2/3: Perivascular
NFIB,1.1925712,0.00000e+00,F2/3: Perivascular
H2AFZ,1.0995817,0.00000e+00,F2/3: Perivascular
RPL11,0.42916667,0.00000e+00,F2/3: Perivascular
C7,3.110235,0.00000e+00,F2/3: Perivascular
TSHZ2,1.6143961,0.00000e+00,F2/3: Perivascular
C3,1.2267655,0.00000e+00,F2/3: Perivascular
MYOC,3.8656697,0.00000e+00,F2/3: Perivascular
RPL32,0.45033455,0.00000e+00,F2/3: Perivascular
GGT5,2.1372128,0.00000e+00,F2/3: Perivascular
FGF7,1.3860499,0.00000e+00,F2/3: Perivascular
RPLP1,0.45638093,0.00000e+00,F2/3: Perivascular
PNRC1,0.8465767,0.00000e+00,F2/3: Perivascular
GEM,1.0821993,0.00000e+00,F2/3: Perivascular
GAS5,0.853028,0.00000e+00,F2/3: Perivascular
RPL18,0.48825508,0.00000e+00,F2/3: Perivascular
RPS15A,0.45260608,0.00000e+00,F2/3: Perivascular
RPL21,0.49709234,0.00000e+00,F2/3: Perivascular
LSP1,1.1791825,0.00000e+00,F2/3: Perivascular
RPS3,0.48018128,0.00000e+00,F2/3: Perivascular
ERRFI1,1.3041248,0.00000e+00,F2/3: Perivascular
RPS9,0.4708125,0.00000e+00,F2/3: Perivascular
CXCL3,1.6126438,0.00000e+00,F2/3: Perivascular
BTG1,0.84180605,0.00000e+00,F2/3: Perivascular
CFH,0.8093515,0.00000e+00,F2/3: Perivascular
IGFBP3,1.5595946,0.00000e+00,F2/3: Perivascular
RPS15,0.39160296,0.00000e+00,F2/3: Perivascular
RPL24,0.44503137,0.00000e+00,F2/3: Perivascular
RPS24,0.40588707,0.00000e+00,F2/3: Perivascular
ABCA8,1.2860519,6.00810e-307,F2/3: Perivascular
RPL34,0.38916585,5.31556e-302,F2/3: Perivascular
NFKBIA,0.75391346,1.87256e-297,F2/3: Perivascular
RPS5,0.44728813,9.12585e-296,F2/3: Perivascular
FAU,0.4002399,8.44430e-286,F2/3: Perivascular
RPS14,0.4026589,1.47832e-285,F2/3: Perivascular
FMO1,3.7211583,9.04368e-282,F2/3: Perivascular
CDKN1A,0.90072143,2.84540e-280,F2/3: Perivascular
PLA2G2A,1.4884609,1.07266e-278,F2/3: Perivascular
RPL8,0.40885824,1.78020e-279,F2/3: Perivascular
PPARG,3.3090441,4.28845e-272,F2/3: Perivascular
RPS23,0.3588319,2.16674e-271,F2/3: Perivascular
CCDC80,0.5921372,7.61477e-269,F2/3: Perivascular
RPS13,0.3871498,4.95283e-268,F2/3: Perivascular
KDM6B,1.3307867,2.29597e-264,F2/3: Perivascular
PRRX1,0.7619974,9.83368e-263,F2/3: Perivascular
RPS27,0.4214169,6.29253e-263,F2/3: Perivascular
TPT1,0.40802965,1.47252e-261,F2/3: Perivascular
SPSB1,1.2205986,7.47913e-257,F2/3: Perivascular
RPS16,0.44977066,1.41561e-257,F2/3: Perivascular
HSPE1,0.7815056,1.82817e-250,F2/3: Perivascular
RPL10A,0.43560544,8.46324e-251,F2/3: Perivascular
WTAP,0.83481795,1.76518e-249,F2/3: Perivascular
FAM241A,1.7819755,2.77471e-246,F2/3: Perivascular
EBF1,0.89271635,2.91187e-247,F2/3: Perivascular
RPL23,0.50841826,3.35076e-243,F2/3: Perivascular
PPP1R15A,0.6846835,3.80896e-242,F2/3: Perivascular
RPL37,0.38560417,3.03626e-241,F2/3: Perivascular
RPL14,0.36906108,1.62221e-236,F2/3: Perivascular
RPL30,0.3432008,2.70302e-231,F2/3: Perivascular
RPL35A,0.3468602,5.03448e-231,F2/3: Perivascular
CYP1B1,1.158707,2.56752e-229,F2/3: Perivascular
SRPX,1.0182854,4.13093e-228,F2/3: Perivascular
RPS12,0.34133607,1.31147e-228,F2/3: Perivascular
RPL23A,0.39167303,2.53906e-223,F2/3: Perivascular
RPL3,0.38198012,1.37644e-221,F2/3: Perivascular
MT1A,1.4590722,1.37537e-219,F2/3: Perivascular
RPS3A,0.35344118,1.49492e-219,F2/3: Perivascular
RPL9,0.38911197,3.58624e-219,F2/3: Perivascular
RPS29,0.4628942,8.42299e-219,F2/3: Perivascular
COL4A1,1.2517049,1.28755e-217,F2/3: Perivascular
COL4A2,1.1397034,8.94395e-217,F2/3: Perivascular
PPP1R15B,1.2453206,9.38405e-213,F2/3: Perivascular
RPL29,0.35227764,4.00398e-213,F2/3: Perivascular
RPL17,0.3767666,2.87012e-210,F2/3: Perivascular
ARL6IP1,0.8232906,9.19942e-209,F2/3: Perivascular
RPL10,0.30433878,2.59424e-208,F2/3: Perivascular
TMEM176A,1.0038916,5.07067e-206,F2/3: Perivascular
APOE,4.497994,0.00000e+00,F3: FRC-like
IGFBP7,2.0730798,0.00000e+00,F3: FRC-like
CXCL12,2.0472832,0.00000e+00,F3: FRC-like
PTGDS,3.0800304,0.00000e+00,F3: FRC-like
CCL19,6.802455,0.00000e+00,F3: FRC-like
HLA-B,1.7890172,0.00000e+00,F3: FRC-like
C3,2.343156,0.00000e+00,F3: FRC-like
B2M,0.8652237,0.00000e+00,F3: FRC-like
CYP7B1,2.4625828,0.00000e+00,F3: FRC-like
RARRES2,1.8302442,0.00000e+00,F3: FRC-like
MT-CO3,0.9751386,0.00000e+00,F3: FRC-like
HAS2,1.8157134,0.00000e+00,F3: FRC-like
CCL2,1.9952043,0.00000e+00,F3: FRC-like
CD74,4.0201793,0.00000e+00,F3: FRC-like
MT-ND3,1.2099371,0.00000e+00,F3: FRC-like
MT-CO1,0.84148395,0.00000e+00,F3: FRC-like
TNFSF13B,2.9530957,0.00000e+00,F3: FRC-like
GGT5,2.7322147,0.00000e+00,F3: FRC-like
RBP5,4.10238,0.00000e+00,F3: FRC-like
NRP1,1.7268828,0.00000e+00,F3: FRC-like
UGCG,2.0972524,0.00000e+00,F3: FRC-like
IFITM3,0.9031154,0.00000e+00,F3: FRC-like
SNED1,1.5136539,0.00000e+00,F3: FRC-like
BIRC3,2.5861742,0.00000e+00,F3: FRC-like
TMEM176B,1.4334277,0.00000e+00,F3: FRC-like
CTSH,2.3398502,0.00000e+00,F3: FRC-like
RGS16,1.5211133,0.00000e+00,F3: FRC-like
VCAM1,2.2982059,0.00000e+00,F3: FRC-like
ID4,2.1664088,0.00000e+00,F3: FRC-like
OSMR,1.8858984,0.00000e+00,F3: FRC-like
CXCL3,2.0662286,0.00000e+00,F3: FRC-like
HLA-A,0.8990794,0.00000e+00,F3: FRC-like
TMEM176A,1.5166705,0.00000e+00,F3: FRC-like
CXCL1,2.3843865,0.00000e+00,F3: FRC-like
FILIP1L,1.4648033,0.00000e+00,F3: FRC-like
IL32,2.2613275,0.00000e+00,F3: FRC-like
IGFBP3,1.9968487,0.00000e+00,F3: FRC-like
C7,3.1937544,0.00000e+00,F3: FRC-like
MT-CO2,0.67009103,0.00000e+00,F3: FRC-like
CH25H,3.0127919,0.00000e+00,F3: FRC-like
TNFAIP3,1.8101258,0.00000e+00,F3: FRC-like
JUN,1.0437189,0.00000e+00,F3: FRC-like
LIFR,1.7368567,0.00000e+00,F3: FRC-like
IRF8,4.3714747,0.00000e+00,F3: FRC-like
SLC2A3,1.2823269,0.00000e+00,F3: FRC-like
SOD2,1.079637,0.00000e+00,F3: FRC-like
OLFM2,2.0828152,0.00000e+00,F3: FRC-like
CLSTN3,2.5150018,0.00000e+00,F3: FRC-like
IL33,2.9453652,0.00000e+00,F3: FRC-like
TMEM132C,2.486509,0.00000e+00,F3: FRC-like
LAMA4,1.1645154,0.00000e+00,F3: FRC-like
GEM,1.1691661,0.00000e+00,F3: FRC-like
CYGB,2.2675211,0.00000e+00,F3: FRC-like
PLEKHH2,1.4067948,0.00000e+00,F3: FRC-like
APOC1,2.4363575,0.00000e+00,F3: FRC-like
MT-ATP6,0.7468905,0.00000e+00,F3: FRC-like
IL34,2.565944,0.00000e+00,F3: FRC-like
SDK1,1.6050925,0.00000e+00,F3: FRC-like
CTSC,2.1446576,0.00000e+00,F3: FRC-like
ABCA10,1.8697191,0.00000e+00,F3: FRC-like
HLA-F,2.452352,0.00000e+00,F3: FRC-like
HES4,2.4414883,0.00000e+00,F3: FRC-like
CCDC80,0.6963376,0.00000e+00,F3: FRC-like
ST8SIA1,3.1248007,0.00000e+00,F3: FRC-like
TNFSF10,1.6631163,0.00000e+00,F3: FRC-like
AHR,1.0778766,0.00000e+00,F3: FRC-like
VEGFA,1.697629,0.00000e+00,F3: FRC-like
DCLK1,1.0524374,0.00000e+00,F3: FRC-like
LDB2,1.3129498,0.00000e+00,F3: FRC-like
SPARCL1,1.4777378,0.00000e+00,F3: FRC-like
ENPP2,1.4113771,0.00000e+00,F3: FRC-like
LSAMP,1.3539153,0.00000e+00,F3: FRC-like
PHLDA1,1.3506517,0.00000e+00,F3: FRC-like
SPATS2L,1.2009093,0.00000e+00,F3: FRC-like
TMEM150C,2.806382,1.09116e-306,F3: FRC-like
ICAM1,1.1473126,2.46293e-308,F3: FRC-like
ADRA2A,3.3225744,6.88624e-304,F3: FRC-like
FLT3LG,1.5692811,3.29759e-302,F3: FRC-like
PTPRT,3.7344913,1.88593e-300,F3: FRC-like
EBF1,1.0275695,4.65670e-299,F3: FRC-like
RND3,0.9302943,2.13640e-298,F3: FRC-like
CCDC146,1.4933532,3.28665e-295,F3: FRC-like
NFIA,0.8730845,1.21721e-295,F3: FRC-like
PRRX1,0.8287132,4.99641e-291,F3: FRC-like
COL4A2,1.2814623,5.59594e-290,F3: FRC-like
IRF1,1.0299243,1.88468e-289,F3: FRC-like
NLGN4X,3.4014375,7.02902e-286,F3: FRC-like
ABI3BP,0.9508522,1.50210e-286,F3: FRC-like
TYMP,1.858104,3.31037e-281,F3: FRC-like
ZFP36,0.8678356,2.22941e-272,F3: FRC-like
CXCL2,1.259788,5.32210e-271,F3: FRC-like
JUNB,0.72670794,5.40210e-270,F3: FRC-like
PRKG1,1.0815709,1.75797e-267,F3: FRC-like
SOCS3,0.93642986,1.28414e-262,F3: FRC-like
SNAI2,1.4771559,1.18996e-261,F3: FRC-like
PSME2,1.1918093,3.21877e-261,F3: FRC-like
ABCA8,1.1766895,3.74139e-260,F3: FRC-like
IFI16,0.8359802,8.54599e-254,F3: FRC-like
MSC,2.4435594,2.24158e-251,F3: FRC-like
HES1,0.9194683,2.71454e-252,F3: FRC-like
POSTN,3.6006145,0.00000e+00,F4: DS_DPEP1+
COL11A1,5.9211936,0.00000e+00,F4: DS_DPEP1+
PCDH15,4.459966,0.00000e+00,F4: DS_DPEP1+
COL5A2,1.7169722,0.00000e+00,F4: DS_DPEP1+
ASPN,3.2941723,0.00000e+00,F4: DS_DPEP1+
PRKG1,1.9454099,0.00000e+00,F4: DS_DPEP1+
SEPTIN11,1.7834235,0.00000e+00,F4: DS_DPEP1+
CDH11,2.1387541,0.00000e+00,F4: DS_DPEP1+
AOPEP,1.7403216,0.00000e+00,F4: DS_DPEP1+
CALD1,1.2357894,0.00000e+00,F4: DS_DPEP1+
F2R,2.248979,0.00000e+00,F4: DS_DPEP1+
PRSS23,2.696621,0.00000e+00,F4: DS_DPEP1+
EDNRA,3.4200323,0.00000e+00,F4: DS_DPEP1+
NEGR1,1.589623,0.00000e+00,F4: DS_DPEP1+
TCF4,1.2909771,0.00000e+00,F4: DS_DPEP1+
LINC00486,2.3684607,0.00000e+00,F4: DS_DPEP1+
KIF26B,4.7148123,0.00000e+00,F4: DS_DPEP1+
TRPS1,1.8221066,0.00000e+00,F4: DS_DPEP1+
MARCKS,1.4866823,0.00000e+00,F4: DS_DPEP1+
GPC3,2.161621,0.00000e+00,F4: DS_DPEP1+
PALLD,1.6790963,0.00000e+00,F4: DS_DPEP1+
TSHZ3,2.3309925,0.00000e+00,F4: DS_DPEP1+
MEF2C,2.709866,0.00000e+00,F4: DS_DPEP1+
MDK,2.3135903,0.00000e+00,F4: DS_DPEP1+
KIAA1217,2.7421806,0.00000e+00,F4: DS_DPEP1+
COLEC12,1.9335885,0.00000e+00,F4: DS_DPEP1+
SGIP1,3.4449482,0.00000e+00,F4: DS_DPEP1+
EDIL3,3.4534085,0.00000e+00,F4: DS_DPEP1+
TPM2,2.0506887,0.00000e+00,F4: DS_DPEP1+
COL15A1,1.7618822,0.00000e+00,F4: DS_DPEP1+
TENM3,3.781832,0.00000e+00,F4: DS_DPEP1+
MEIS2,1.6594623,0.00000e+00,F4: DS_DPEP1+
JMJD1C,1.2416978,0.00000e+00,F4: DS_DPEP1+
HTRA1,1.3715874,0.00000e+00,F4: DS_DPEP1+
COL6A3,1.2235156,0.00000e+00,F4: DS_DPEP1+
PMEPA1,1.9518852,0.00000e+00,F4: DS_DPEP1+
SFRP1,2.558155,0.00000e+00,F4: DS_DPEP1+
COL1A1,1.224367,0.00000e+00,F4: DS_DPEP1+
ROR2,1.8485222,0.00000e+00,F4: DS_DPEP1+
MCC,2.0952122,0.00000e+00,F4: DS_DPEP1+
WWTR1,1.3721281,0.00000e+00,F4: DS_DPEP1+
DKK2,1.6342927,0.00000e+00,F4: DS_DPEP1+
COL3A1,1.1698706,0.00000e+00,F4: DS_DPEP1+
THSD4,2.849416,0.00000e+00,F4: DS_DPEP1+
PTN,1.5953535,0.00000e+00,F4: DS_DPEP1+
TNN,4.4369454,0.00000e+00,F4: DS_DPEP1+
PPP1R14A,5.174145,0.00000e+00,F4: DS_DPEP1+
PRRX1,1.0632117,0.00000e+00,F4: DS_DPEP1+
ADAMTS9-AS2,1.7294703,0.00000e+00,F4: DS_DPEP1+
FMNL2,1.6064209,0.00000e+00,F4: DS_DPEP1+
OGN,2.0638797,0.00000e+00,F4: DS_DPEP1+
DPEP1,7.2088013,0.00000e+00,F4: DS_DPEP1+
LRRC17,2.410362,0.00000e+00,F4: DS_DPEP1+
ADAMTS12,2.3339865,0.00000e+00,F4: DS_DPEP1+
IGF1,2.442187,0.00000e+00,F4: DS_DPEP1+
TBX15,1.7870073,0.00000e+00,F4: DS_DPEP1+
MXRA5,1.5569202,0.00000e+00,F4: DS_DPEP1+
MME,4.0029526,0.00000e+00,F4: DS_DPEP1+
EMP2,1.392177,0.00000e+00,F4: DS_DPEP1+
RUNX1T1,1.437739,0.00000e+00,F4: DS_DPEP1+
SESN3,2.1566722,0.00000e+00,F4: DS_DPEP1+
TANC1,1.7014741,0.00000e+00,F4: DS_DPEP1+
LAMA2,1.256245,0.00000e+00,F4: DS_DPEP1+
SPATS2L,1.4567715,0.00000e+00,F4: DS_DPEP1+
SPON1,1.7422497,0.00000e+00,F4: DS_DPEP1+
FOXP2,1.745607,0.00000e+00,F4: DS_DPEP1+
COL1A2,0.8510719,0.00000e+00,F4: DS_DPEP1+
THY1,1.3213723,0.00000e+00,F4: DS_DPEP1+
FBXL7,1.4564633,0.00000e+00,F4: DS_DPEP1+
COL6A6,2.7703369,0.00000e+00,F4: DS_DPEP1+
ARHGAP42,2.354125,0.00000e+00,F4: DS_DPEP1+
DOK6,2.2582119,0.00000e+00,F4: DS_DPEP1+
TCF7L2,1.1467113,0.00000e+00,F4: DS_DPEP1+
PDE1A,3.1231089,0.00000e+00,F4: DS_DPEP1+
UTRN,1.4066151,0.00000e+00,F4: DS_DPEP1+
CASC15,3.3097568,0.00000e+00,F4: DS_DPEP1+
SEMA5A,2.295691,0.00000e+00,F4: DS_DPEP1+
GPM6B,2.9314508,0.00000e+00,F4: DS_DPEP1+
SH3KBP1,1.3388233,0.00000e+00,F4: DS_DPEP1+
MEG3,1.0222188,0.00000e+00,F4: DS_DPEP1+
DKK3,1.5018764,0.00000e+00,F4: DS_DPEP1+
RUNX2,3.4518812,0.00000e+00,F4: DS_DPEP1+
RBFOX1,3.603483,0.00000e+00,F4: DS_DPEP1+
TTC3,1.0557696,0.00000e+00,F4: DS_DPEP1+
GNAQ,1.3057387,8.31258e-310,F4: DS_DPEP1+
RBMS3,1.0875223,9.34830e-306,F4: DS_DPEP1+
INHBA,2.447454,1.10170e-299,F4: DS_DPEP1+
ZBTB20,0.9109038,4.18953e-299,F4: DS_DPEP1+
ATP10A,1.6271285,3.06316e-293,F4: DS_DPEP1+
TEAD1,1.3367894,4.62375e-293,F4: DS_DPEP1+
TNMD,2.7672231,8.10039e-288,F4: DS_DPEP1+
AUTS2,1.1837897,1.24761e-288,F4: DS_DPEP1+
GLI2,2.3658957,5.74382e-284,F4: DS_DPEP1+
RAI14,2.0962815,1.57232e-282,F4: DS_DPEP1+
BACH2,1.8136147,7.17029e-282,F4: DS_DPEP1+
TMEM119,1.786393,9.89228e-282,F4: DS_DPEP1+
TLL1,3.2172174,2.08532e-280,F4: DS_DPEP1+
LTBP2,2.562743,5.10317e-279,F4: DS_DPEP1+
ROBO1,1.2607552,1.19078e-279,F4: DS_DPEP1+
ASAP1,1.3370059,9.20938e-279,F4: DS_DPEP1+
COCH,9.334681,0.00000e+00,F4: TNN+COCH+
ASPN,5.7819915,0.00000e+00,F4: TNN+COCH+
SPARCL1,4.822926,0.00000e+00,F4: TNN+COCH+
OGN,4.256744,0.00000e+00,F4: TNN+COCH+
PTGDS,3.5890207,2.25093e-314,F4: TNN+COCH+
TRPS1,3.435415,5.07730e-291,F4: TNN+COCH+
TCF4,2.3737872,4.81007e-292,F4: TNN+COCH+
TNN,6.2317863,1.05626e-286,F4: TNN+COCH+
CRABP1,5.745813,1.40273e-263,F4: TNN+COCH+
AOPEP,2.5797725,1.51037e-238,F4: TNN+COCH+
FIBIN,3.301298,4.97086e-235,F4: TNN+COCH+
NRG3,8.812568,2.59605e-224,F4: TNN+COCH+
COL24A1,4.829216,8.53461e-223,F4: TNN+COCH+
IGFBP5,2.1256995,5.29420e-220,F4: TNN+COCH+
CADM2,5.594198,9.78491e-214,F4: TNN+COCH+
PLXDC1,3.9810557,4.32270e-205,F4: TNN+COCH+
HPSE2,3.432281,2.18298e-203,F4: TNN+COCH+
PCDH15,4.5246906,3.00201e-200,F4: TNN+COCH+
CYP1B1,2.7927096,2.63244e-196,F4: TNN+COCH+
TRPM3,5.594304,2.82708e-193,F4: TNN+COCH+
DKK2,2.6092691,9.43716e-190,F4: TNN+COCH+
EMID1,3.7318587,8.42729e-188,F4: TNN+COCH+
PLPP5,4.1931853,2.32150e-186,F4: TNN+COCH+
MALAT1,0.65804493,7.35048e-180,F4: TNN+COCH+
PXDNL,5.6009784,1.29563e-170,F4: TNN+COCH+
FZD1,3.6047206,1.27721e-170,F4: TNN+COCH+
TNMD,4.2455597,8.81955e-167,F4: TNN+COCH+
COL1A1,1.2167025,1.85118e-169,F4: TNN+COCH+
MXRA5,2.4120784,2.41707e-166,F4: TNN+COCH+
ROBO2,2.1558917,3.49720e-166,F4: TNN+COCH+
F13A1,2.5974982,1.25378e-164,F4: TNN+COCH+
COL1A2,0.9769378,2.16651e-163,F4: TNN+COCH+
SFRP1,3.1274254,4.47820e-159,F4: TNN+COCH+
MKX,5.3866196,9.26775e-158,F4: TNN+COCH+
MEIS2,2.3853967,9.91968e-157,F4: TNN+COCH+
ARHGAP15,4.6131053,5.56913e-154,F4: TNN+COCH+
LIMCH1,2.6702096,1.20035e-153,F4: TNN+COCH+
MEOX2,3.0536585,8.21454e-153,F4: TNN+COCH+
MARCKS,1.8291738,2.02940e-145,F4: TNN+COCH+
RSPO4,4.318102,2.75420e-141,F4: TNN+COCH+
GPM6B,3.8524313,3.93847e-141,F4: TNN+COCH+
HSPA2,3.0787885,1.02869e-137,F4: TNN+COCH+
SRPX,2.0337672,4.40282e-133,F4: TNN+COCH+
ZBTB20,1.4801713,3.44635e-133,F4: TNN+COCH+
FMOD,2.2707932,4.23804e-132,F4: TNN+COCH+
KREMEN1,2.4798784,3.86361e-130,F4: TNN+COCH+
CALM2,1.0946656,7.49099e-124,F4: TNN+COCH+
COL11A1,3.6388085,2.91355e-122,F4: TNN+COCH+
NDNF,4.926656,3.31597e-120,F4: TNN+COCH+
FGF13,5.162684,3.71899e-119,F4: TNN+COCH+
PTPRK,2.3504639,4.45594e-119,F4: TNN+COCH+
PTPRD,4.6422215,1.07962e-117,F4: TNN+COCH+
NBEA,2.7463534,1.16675e-117,F4: TNN+COCH+
PTGER3,2.8988116,6.70414e-116,F4: TNN+COCH+
PLPP1,1.7681619,4.25255e-115,F4: TNN+COCH+
HTRA1,1.6746576,2.74021e-113,F4: TNN+COCH+
PCSK1N,3.3795063,8.10806e-113,F4: TNN+COCH+
AC090994.1,6.677214,1.12899e-112,F4: TNN+COCH+
PGRMC1,1.627202,1.25977e-112,F4: TNN+COCH+
EDNRA,3.094733,1.85508e-110,F4: TNN+COCH+
ADAMTS6,5.12269,1.29481e-105,F4: TNN+COCH+
CTSK,0.99281996,5.82084e-106,F4: TNN+COCH+
DLG2,2.0471957,1.44464e-105,F4: TNN+COCH+
ITGA11,2.5231917,2.05237e-104,F4: TNN+COCH+
NECAB1,4.9754715,3.08703e-103,F4: TNN+COCH+
THY1,1.6668464,6.69807e-103,F4: TNN+COCH+
SLITRK6,7.8290615,6.75607e-102,F4: TNN+COCH+
PRELP,1.6478897,2.44484e-101,F4: TNN+COCH+
TSHZ3,2.3921423,1.38642e-100,F4: TNN+COCH+
PCDH7,3.724125,4.25393e-100,F4: TNN+COCH+
MAFB,1.7728367,1.15135e-99,F4: TNN+COCH+
FN1,1.2867404,1.11506e-97,F4: TNN+COCH+
LINC00486,2.547641,2.26842e-97,F4: TNN+COCH+
BTBD11,5.812877,1.92036e-95,F4: TNN+COCH+
APCDD1,1.7105112,3.96606e-95,F4: TNN+COCH+
ENHO,2.13182,7.40228e-95,F4: TNN+COCH+
PTK7,2.204,9.32784e-94,F4: TNN+COCH+
CRABP2,1.4485763,7.52422e-94,F4: TNN+COCH+
PTGFR,1.7356392,2.72734e-93,F4: TNN+COCH+
AC079760.1,4.889637,5.24128e-93,F4: TNN+COCH+
AL049830.3,7.1133466,5.15934e-92,F4: TNN+COCH+
FOXP2,2.0005357,8.17074e-92,F4: TNN+COCH+
TENM3,3.4163957,4.12970e-91,F4: TNN+COCH+
SMAD1,2.9818108,7.75817e-91,F4: TNN+COCH+
PRKCB,6.9856086,3.26101e-89,F4: TNN+COCH+
CEMIP2,2.1816194,3.20116e-89,F4: TNN+COCH+
PTH1R,2.4935725,4.56986e-89,F4: TNN+COCH+
TANC1,1.8845443,1.01998e-87,F4: TNN+COCH+
CPNE5,5.1188135,2.28473e-87,F4: TNN+COCH+
BHLHE41,2.4805527,7.23346e-86,F4: TNN+COCH+
FAM3C,1.4357088,8.54821e-86,F4: TNN+COCH+
AUTS2,1.518631,9.75741e-86,F4: TNN+COCH+
LRIG1,2.0652292,2.76010e-85,F4: TNN+COCH+
AP001347.1,2.5600958,3.56605e-84,F4: TNN+COCH+
CNTN1,1.8113996,1.98287e-83,F4: TNN+COCH+
MRPS6,1.5589485,2.39700e-83,F4: TNN+COCH+
NR2F1-AS1,3.5377772,4.71811e-83,F4: TNN+COCH+
SLC22A16,6.902042,6.50066e-83,F4: TNN+COCH+
CDH12,4.935088,1.16697e-82,F4: TNN+COCH+
LTBP4,1.2353424,2.44621e-82,F4: TNN+COCH+
TRPS1,4.6500063,6.16132e-43,F4: DP_HHIP+
LINC00486,3.9519114,6.87647e-33,F4: DP_HHIP+
CDH11,3.8482141,3.11655e-31,F4: DP_HHIP+
GNAS,2.1812625,7.66203e-28,F4: DP_HHIP+
IGFBP3,5.3872557,1.69008e-27,F4: DP_HHIP+
FP236383.3,3.4086158,1.98329e-27,F4: DP_HHIP+
JMJD1C,2.2025652,5.31534e-26,F4: DP_HHIP+
INHBA,5.1704807,5.71153e-26,F4: DP_HHIP+
WNT5A,6.7405386,1.17760e-23,F4: DP_HHIP+
PDE3A,5.470429,5.42715e-22,F4: DP_HHIP+
MRPS6,2.709895,1.15354e-21,F4: DP_HHIP+
DCC,5.4949307,2.78825e-21,F4: DP_HHIP+
PREX2,3.3215222,2.79127e-21,F4: DP_HHIP+
ROBO1,2.7479897,5.09289e-21,F4: DP_HHIP+
KIF26B,5.232901,6.05382e-21,F4: DP_HHIP+
SSBP2,2.6089773,1.51278e-20,F4: DP_HHIP+
ROBO2,2.4352214,1.61459e-20,F4: DP_HHIP+
PTCH1,5.3368793,1.73478e-20,F4: DP_HHIP+
LMO4,2.439209,2.06437e-20,F4: DP_HHIP+
PRKG1,2.8023806,2.54787e-20,F4: DP_HHIP+
SERPINE2,3.2097914,3.91618e-20,F4: DP_HHIP+
SPARCL1,3.2610104,4.86820e-20,F4: DP_HHIP+
MT-ATP6,1.5256144,5.41917e-20,F4: DP_HHIP+
APCDD1,2.810203,7.94392e-20,F4: DP_HHIP+
PTMA,1.2415239,1.44374e-19,F4: DP_HHIP+
MT-ND5,1.4811528,1.54324e-19,F4: DP_HHIP+
SPON1,3.202745,2.01668e-19,F4: DP_HHIP+
EDNRA,4.219293,3.95929e-19,F4: DP_HHIP+
TPD52,7.94048,4.06149e-19,F4: DP_HHIP+
DKK3,2.8832998,6.23855e-19,F4: DP_HHIP+
DIO2,3.589259,1.44792e-18,F4: DP_HHIP+
MT-ND3,1.5165973,4.28534e-18,F4: DP_HHIP+
CPE,1.8405486,5.04300e-18,F4: DP_HHIP+
CNTN4,4.7527514,6.06747e-18,F4: DP_HHIP+
TFAP2A,7.6994815,9.37891e-18,F4: DP_HHIP+
PRKD1,3.5737503,2.69425e-17,F4: DP_HHIP+
TCF4,1.5419021,4.74817e-17,F4: DP_HHIP+
AOPEP,2.1473627,6.45003e-17,F4: DP_HHIP+
COL23A1,3.3585083,1.02226e-16,F4: DP_HHIP+
LEF1,6.145187,5.84781e-16,F4: DP_HHIP+
SPIDR,2.4559608,6.02161e-16,F4: DP_HHIP+
DCXR,3.8108099,1.24437e-15,F4: DP_HHIP+
MT-CO1,1.161598,1.35929e-15,F4: DP_HHIP+
CENPW,4.898286,2.08371e-15,F4: DP_HHIP+
LINC01117,4.0307097,9.92742e-15,F4: DP_HHIP+
PRDM1,4.2496605,1.27696e-14,F4: DP_HHIP+
MT-CYB,1.043815,1.33732e-14,F4: DP_HHIP+
PRLR,5.015764,1.43145e-14,F4: DP_HHIP+
EDIL3,4.456506,2.28161e-14,F4: DP_HHIP+
LUZP2,7.357299,2.34997e-14,F4: DP_HHIP+
ALX4,5.581495,3.17693e-14,F4: DP_HHIP+
GRIK1,5.8135867,3.59945e-14,F4: DP_HHIP+
CBLB,2.2804084,4.57652e-14,F4: DP_HHIP+
ZBTB20,1.4410939,4.90023e-14,F4: DP_HHIP+
TANC1,2.3904815,5.75989e-14,F4: DP_HHIP+
PRRX1,1.3774844,8.27189e-14,F4: DP_HHIP+
ANKRD50,3.59395,8.86391e-14,F4: DP_HHIP+
HMGB1,1.15336,1.36525e-13,F4: DP_HHIP+
PKP4,2.919456,1.46915e-13,F4: DP_HHIP+
AL450332.1,8.499667,1.54951e-13,F4: DP_HHIP+
MCC,2.956165,1.87948e-13,F4: DP_HHIP+
IQGAP2,5.07596,1.90467e-13,F4: DP_HHIP+
CD81,1.3860495,2.15898e-13,F4: DP_HHIP+
PCMTD1,2.0431705,2.62755e-13,F4: DP_HHIP+
ADGRB3,4.389613,2.89343e-13,F4: DP_HHIP+
CDK19,3.0146365,3.67440e-13,F4: DP_HHIP+
PTPRG,1.6793491,4.16683e-13,F4: DP_HHIP+
CCDC3,3.6767833,4.54715e-13,F4: DP_HHIP+
TWIST1,1.8703189,4.91941e-13,F4: DP_HHIP+
RSRC1,2.2818208,5.06165e-13,F4: DP_HHIP+
FOXP2,2.7179267,7.72647e-13,F4: DP_HHIP+
LDLRAD3,3.6859756,8.49228e-13,F4: DP_HHIP+
PCM1,1.7556778,9.71116e-13,F4: DP_HHIP+
RERE,2.0705533,1.29189e-12,F4: DP_HHIP+
BMP7,5.212531,1.40262e-12,F4: DP_HHIP+
RBFOX2,1.5420961,1.48463e-12,F4: DP_HHIP+
MGAT5,3.8203855,1.71158e-12,F4: DP_HHIP+
CASC15,4.084214,1.87823e-12,F4: DP_HHIP+
SPON2,2.0891793,1.92023e-12,F4: DP_HHIP+
LINC01578,1.8884956,2.18277e-12,F4: DP_HHIP+
FTX,2.1538453,3.20611e-12,F4: DP_HHIP+
GLI2,3.39641,4.70729e-12,F4: DP_HHIP+
NRXN3,6.8987355,5.04076e-12,F4: DP_HHIP+
FBXO32,3.6129975,6.13243e-12,F4: DP_HHIP+
LAMB1,2.6952176,6.33325e-12,F4: DP_HHIP+
ADGRL3,4.7009964,6.81738e-12,F4: DP_HHIP+
ASPH,1.7758676,6.78484e-12,F4: DP_HHIP+
PGM2L1,3.6657631,9.09892e-12,F4: DP_HHIP+
SNHG14,2.7265446,1.05258e-11,F4: DP_HHIP+
PUM2,2.0611768,1.10012e-11,F4: DP_HHIP+
HNRNPA2B1,1.1468383,1.14625e-11,F4: DP_HHIP+
NLGN1,3.550895,1.37516e-11,F4: DP_HHIP+
SOX18,8.250438,1.39885e-11,F4: DP_HHIP+
MEIS2,1.8714856,1.47157e-11,F4: DP_HHIP+
DGKH,3.3848553,1.56056e-11,F4: DP_HHIP+
SON,1.2056338,1.57944e-11,F4: DP_HHIP+
TNPO1,2.2706494,2.81819e-11,F4: DP_HHIP+
ARID1B,1.7356796,2.82705e-11,F4: DP_HHIP+
CHD6,1.9366665,3.09813e-11,F4: DP_HHIP+
CLIC4,1.7119726,3.27349e-11,F4: DP_HHIP+
CPE,2.7108064,6.12935e-207,F5: RAMP1+
SFRP1,4.615651,4.38141e-199,F5: RAMP1+
APOD,2.7096035,8.49014e-199,F5: RAMP1+
PDGFD,3.1857245,7.65439e-156,F5: RAMP1+
FGFBP2,3.8035104,1.87090e-145,F5: RAMP1+
OLFML2A,4.2703204,3.81047e-144,F5: RAMP1+
KIAA1217,3.9681568,2.65000e-137,F5: RAMP1+
PRKG1,2.5822122,3.69570e-131,F5: RAMP1+
PTN,2.6095266,2.52451e-125,F5: RAMP1+
SPRY1,2.1984427,4.17713e-121,F5: RAMP1+
SPON2,2.9326475,1.27450e-119,F5: RAMP1+
CDH11,2.7445562,1.82039e-117,F5: RAMP1+
IGFBP2,4.847574,5.38319e-106,F5: RAMP1+
ANTXR2,2.7186363,7.94525e-101,F5: RAMP1+
HPSE2,3.1372588,4.66891e-100,F5: RAMP1+
RARRES2,2.052736,1.29968e-99,F5: RAMP1+
TIMP3,1.4811488,2.59479e-97,F5: RAMP1+
LINC00578,4.760951,1.65593e-96,F5: RAMP1+
NEGR1,1.8912281,3.78347e-95,F5: RAMP1+
IGF1,3.2668061,1.65885e-94,F5: RAMP1+
KIF13A,2.230775,7.78264e-94,F5: RAMP1+
EDNRA,3.6458738,3.18633e-93,F5: RAMP1+
COL15A1,2.2589781,4.48358e-93,F5: RAMP1+
PTPRG,1.891112,4.06568e-91,F5: RAMP1+
ADAMTS9-AS2,2.4436026,9.66977e-90,F5: RAMP1+
TCF7L2,1.78483,2.52497e-89,F5: RAMP1+
SPON1,2.5105956,8.66219e-89,F5: RAMP1+
SLC22A3,3.9715083,1.43554e-88,F5: RAMP1+
LAMA2,1.832982,1.68027e-84,F5: RAMP1+
RORA,1.7188562,5.87722e-83,F5: RAMP1+
PRSS23,2.674041,2.37800e-80,F5: RAMP1+
A2M,4.6642222,1.30239e-77,F5: RAMP1+
ZFHX3,2.297787,6.19899e-76,F5: RAMP1+
MMP16,3.2055914,5.93199e-75,F5: RAMP1+
PLCB1,2.821247,8.51370e-75,F5: RAMP1+
ITM2A,2.3339674,9.84856e-74,F5: RAMP1+
CALD1,1.1501491,1.08669e-73,F5: RAMP1+
TSHZ2,2.2653224,4.22216e-73,F5: RAMP1+
PLSCR4,1.8958265,9.74635e-72,F5: RAMP1+
PTPN13,2.1788359,9.07027e-71,F5: RAMP1+
SCN7A,4.072284,4.01691e-70,F5: RAMP1+
NECAB1,4.9422064,2.11682e-69,F5: RAMP1+
LDB2,2.0174382,3.89110e-68,F5: RAMP1+
LAMC3,2.0715022,5.61440e-67,F5: RAMP1+
TXNIP,1.672203,4.01256e-66,F5: RAMP1+
FMNL2,1.9569192,4.96673e-66,F5: RAMP1+
RAMP1,4.3244467,8.96510e-64,F5: RAMP1+
TNRC6C,2.0470035,1.97512e-63,F5: RAMP1+
AL590807.1,5.6660147,3.00470e-63,F5: RAMP1+
BX284613.2,4.1893487,6.68425e-63,F5: RAMP1+
TBX15,2.173059,6.74542e-61,F5: RAMP1+
FTX,1.7771686,2.36828e-60,F5: RAMP1+
UACA,2.2134902,2.28673e-59,F5: RAMP1+
SEPTIN11,1.5403756,1.12659e-58,F5: RAMP1+
SIPA1L1,2.6847064,1.53681e-58,F5: RAMP1+
FBXL7,1.6962965,5.90387e-58,F5: RAMP1+
DOK6,2.6043243,2.12440e-57,F5: RAMP1+
PLEKHA6,3.3227963,1.75701e-56,F5: RAMP1+
DIO2,2.1429198,1.35320e-55,F5: RAMP1+
COL21A1,2.4927018,1.70270e-55,F5: RAMP1+
LTBP2,3.0046604,1.56523e-54,F5: RAMP1+
NRP1,1.7449331,1.73929e-54,F5: RAMP1+
COLEC12,1.8485513,1.82670e-54,F5: RAMP1+
CBLB,1.7093624,2.12089e-54,F5: RAMP1+
SLIT2,1.4540563,2.87724e-54,F5: RAMP1+
SEMA5A,2.5734386,4.45631e-54,F5: RAMP1+
N4BP2L2,1.3797768,5.88075e-54,F5: RAMP1+
ALX4,4.7541523,6.98916e-54,F5: RAMP1+
ACVR2A,2.2415154,1.14135e-53,F5: RAMP1+
SAMD5,4.187462,1.55828e-53,F5: RAMP1+
DLC1,1.268169,6.23765e-53,F5: RAMP1+
TEAD1,1.744384,8.55611e-53,F5: RAMP1+
CHN1,3.1937191,6.08341e-52,F5: RAMP1+
LRP1,1.1457659,6.24463e-52,F5: RAMP1+
CNTN1,1.8046492,1.91172e-51,F5: RAMP1+
NTRK3,3.757165,3.81860e-51,F5: RAMP1+
PIK3R1,1.4366982,3.57721e-51,F5: RAMP1+
GAREM1,2.4636927,4.73072e-51,F5: RAMP1+
FAM20A,2.5044262,7.24624e-51,F5: RAMP1+
PTPRK,1.8808511,7.68229e-51,F5: RAMP1+
LINC01091,1.8952498,9.71450e-51,F5: RAMP1+
MAF,1.7513603,1.07013e-50,F5: RAMP1+
AC005064.1,6.080785,3.03289e-50,F5: RAMP1+
ITGA9,2.7165067,7.18020e-50,F5: RAMP1+
GPM6B,3.0366073,1.60744e-49,F5: RAMP1+
LINC00486,1.8309982,3.09275e-49,F5: RAMP1+
LDLRAD4,1.838149,4.47477e-49,F5: RAMP1+
PID1,1.3489625,4.81695e-49,F5: RAMP1+
PPFIBP1,1.630906,4.39786e-48,F5: RAMP1+
PLEKHH2,1.5573262,1.31193e-47,F5: RAMP1+
PRRX1,1.1136009,2.29755e-47,F5: RAMP1+
ITM2B,0.7897295,2.83440e-47,F5: RAMP1+
SH3BP5,1.4925358,2.41622e-46,F5: RAMP1+
PLCL2,2.0389192,5.04734e-46,F5: RAMP1+
DKK3,1.6826997,6.40057e-46,F5: RAMP1+
EBF1,1.3310238,1.02877e-45,F5: RAMP1+
CASC15,3.0736978,2.31588e-45,F5: RAMP1+
TCF4,1.0362293,2.87809e-45,F5: RAMP1+
FMO2,4.968974,9.21183e-45,F5: RAMP1+
ABCA6,1.6945636,8.79850e-45,F5: RAMP1+
IGFBP7,1.9019275,2.38926e-247,F5: NGFR+
TM4SF1,7.6524873,1.60996e-233,F5: NGFR+
PTGDS,3.6143024,1.78670e-229,F5: NGFR+
NR2F2,3.9681187,8.73202e-216,F5: NGFR+
CYP1B1,3.3529193,1.32430e-211,F5: NGFR+
SPARCL1,3.2063544,9.74905e-200,F5: NGFR+
TAGLN,5.3336554,7.40694e-196,F5: NGFR+
EBF2,7.513187,3.89730e-180,F5: NGFR+
APOD,3.0171087,2.81992e-168,F5: NGFR+
LTBP4,1.8993534,2.18625e-168,F5: NGFR+
BNC2,4.280805,1.02481e-161,F5: NGFR+
ECRG4,6.0153303,1.52554e-149,F5: NGFR+
NRP2,4.3127604,1.04930e-148,F5: NGFR+
SLC22A3,4.5516376,7.31068e-147,F5: NGFR+
IFI27,2.7252092,9.68901e-141,F5: NGFR+
TENM2,5.5621862,3.32533e-140,F5: NGFR+
TFPI,2.2832654,4.96156e-137,F5: NGFR+
ITM2B,1.2536176,5.82564e-136,F5: NGFR+
FLRT2,3.473358,1.37962e-133,F5: NGFR+
SCN7A,4.7694683,5.08189e-133,F5: NGFR+
NGFR,5.878213,7.03401e-131,F5: NGFR+
DKK3,2.3146317,1.22011e-130,F5: NGFR+
MEOX2,2.7953563,1.34472e-127,F5: NGFR+
ABCA8,2.4415562,3.40988e-127,F5: NGFR+
CSRP1,2.8237462,1.12556e-126,F5: NGFR+
MRAS,3.9246001,2.20191e-122,F5: NGFR+
CLDN1,8.490206,1.88246e-121,F5: NGFR+
SFRP4,4.1691275,5.12651e-121,F5: NGFR+
ITGA6,7.560823,6.54317e-119,F5: NGFR+
VIT,2.5948758,1.55790e-116,F5: NGFR+
SDCBP,1.5383112,8.10374e-114,F5: NGFR+
KLF5,3.1601741,2.41519e-112,F5: NGFR+
NLGN1,3.3095605,2.86573e-112,F5: NGFR+
NR2F2-AS1,4.207209,9.15319e-111,F5: NGFR+
SBSPON,5.511517,8.06876e-110,F5: NGFR+
EGFR,1.9757911,1.04358e-108,F5: NGFR+
CAV2,2.4813037,8.05747e-108,F5: NGFR+
TGFBI,2.5937345,1.16898e-107,F5: NGFR+
LUM,1.5309803,4.61190e-107,F5: NGFR+
CNN3,1.5186801,1.21135e-104,F5: NGFR+
P2RY14,4.7438703,3.76360e-104,F5: NGFR+
CNTN4,3.5432212,1.63418e-103,F5: NGFR+
SYNE2,2.762469,3.13611e-100,F5: NGFR+
DAAM1,2.7701826,2.45995e-99,F5: NGFR+
A2M,4.4753575,2.67499e-96,F5: NGFR+
EPS8,2.1906276,8.17493e-96,F5: NGFR+
AKAP12,1.8226304,1.84323e-93,F5: NGFR+
MTSS1,2.2536201,3.32637e-92,F5: NGFR+
PLEKHA4,2.3497498,6.73944e-92,F5: NGFR+
JAM3,2.1438782,2.67826e-90,F5: NGFR+
AC116345.1,6.6172047,7.23856e-90,F5: NGFR+
SLC2A1,5.3293796,7.58477e-90,F5: NGFR+
PDZRN4,4.3140216,8.11720e-90,F5: NGFR+
GPC6,3.862742,1.41422e-88,F5: NGFR+
ARHGAP10,1.8346773,1.85359e-88,F5: NGFR+
FOXD1,3.6171975,5.42868e-88,F5: NGFR+
BMPR1B,5.020911,2.02910e-87,F5: NGFR+
ARHGEF28,6.031961,1.23122e-86,F5: NGFR+
ARHGAP42,2.9147663,2.41990e-86,F5: NGFR+
RGS6,3.1515415,6.58598e-86,F5: NGFR+
ANGPTL7,6.6366453,7.79281e-84,F5: NGFR+
CAV1,1.3053923,8.22519e-84,F5: NGFR+
ITGB4,5.5887027,5.54496e-83,F5: NGFR+
RBMS3,1.4292278,8.93806e-82,F5: NGFR+
PEAR1,5.578268,1.83100e-81,F5: NGFR+
MATN2,2.2189198,3.58193e-81,F5: NGFR+
MCTP1,6.1464586,1.11580e-80,F5: NGFR+
OAF,2.2417116,1.75278e-80,F5: NGFR+
CDO1,3.233971,3.46505e-80,F5: NGFR+
CDH19,9.026956,2.30585e-79,F5: NGFR+
SPTBN1,1.3150477,1.67979e-79,F5: NGFR+
UBE2E2,1.6825596,2.60650e-79,F5: NGFR+
UACA,2.1146486,4.42709e-79,F5: NGFR+
TJP1,1.9548823,1.33141e-77,F5: NGFR+
RARRES2,1.4566232,2.39186e-77,F5: NGFR+
GAB1,2.2903576,6.90601e-77,F5: NGFR+
NFE2L2,1.2993903,9.53212e-77,F5: NGFR+
LINC01197,6.0044675,1.97351e-76,F5: NGFR+
HRH1,3.584936,5.32515e-75,F5: NGFR+
COL8A1,4.0849347,1.18821e-73,F5: NGFR+
KIAA1217,2.444594,1.97321e-73,F5: NGFR+
ADAMTS9-AS2,1.8316848,4.60212e-73,F5: NGFR+
STMN1,2.1997616,5.08314e-73,F5: NGFR+
AFDN,2.4695845,7.22221e-73,F5: NGFR+
GPC3,1.8819532,9.20215e-73,F5: NGFR+
FRMD4B,2.8770478,1.14598e-72,F5: NGFR+
EZR,2.9092255,5.91344e-72,F5: NGFR+
SREBF2,2.8323107,1.42118e-71,F5: NGFR+
SOX5,2.9122872,1.10426e-70,F5: NGFR+
ITM2A,1.8191636,1.70828e-70,F5: NGFR+
PTCH2,3.012389,2.70986e-70,F5: NGFR+
TXN,1.0039232,1.05463e-69,F5: NGFR+
CAVIN2,5.9464126,3.01211e-68,F5: NGFR+
TXNIP,1.4852674,2.13703e-67,F5: NGFR+
TNNC1,5.01287,8.21286e-67,F5: NGFR+
BTG2,1.774419,1.14664e-66,F5: NGFR+
PALMD,4.13833,2.40906e-66,F5: NGFR+
PLK2,2.4901223,1.03036e-64,F5: NGFR+
CALD1,0.9079677,3.62238e-64,F5: NGFR+
ETV1,3.5104527,5.50549e-64,F5: NGFR+
